context_t	dense_gpt_style_ratio	sparse_gemma_style_ratio
128	1.132040	1.132040
256	1.189938	1.189938
512	1.296997	1.296997
1024	1.481751	1.481751
2048	1.765578	1.536050
4096	2.132151	1.635552
8192	2.512512	1.804566
16384	2.827258	2.057758
32768	3.042486	2.373694
65536	3.171172	2.689017
131072	3.242027	2.940835
